Project,URL,Commits,Stars,PRs,Issues
macrozheng/mall,https://github.com/macrozheng/mall,1065,81898,137,498
lenve/vhr,https://github.com/lenve/vhr,163,27985,80,254
EnterpriseQualityCoding/FizzBuzzEnterpriseEdition,https://github.com/EnterpriseQualityCoding/FizzBuzzEnterpriseEdition,184,22910,139,605
Baseflow/PhotoView,https://github.com/Baseflow/PhotoView,462,18877,156,686
JeffLi1993/springboot-learning-example,https://github.com/JeffLi1993/springboot-learning-example,169,16561,67,78
hdodenhof/CircleImageView,https://github.com/hdodenhof/CircleImageView,160,14533,60,373
youth5201314/banner,https://github.com/youth5201314/banner,238,13044,33,1000
macrozheng/mall-swarm,https://github.com/macrozheng/mall-swarm,471,12656,30,119
liaohuqiu/android-Ultra-Pull-To-Refresh,https://github.com/liaohuqiu/android-Ultra-Pull-To-Refresh,182,9559,50,296
jeecgboot/jimureport,https://github.com/jeecgboot/jimureport,425,7651,19,1000
